range_id,n_par,symbol,th_min,th_max
1,1,"f_{\rm p}",0.29999999999999999,1.7
1,2,"A_{\rm im}",0.0001,0.20000000000000001
1,3,"a",-0.49998999999999999,0.49998999999999999
1,4,"b",0.10000000000000001,5
1,5,"f_{\rm wm}",0.001,0.999
1,6,"f_{\rm lm}",0.001,0.94999999999999996
1,7,"c",0.001,1
1,8,"s_{\rm tot}",25,2000
1,9,"\beta",0.10000000000000001,5
1,10,"k_{\rm i}",1.0000000000000001e-05,100
1,11,"k_{\rm g}",1.0000000000000001e-05,100
1,12,"c_{\rm i}",1.0000000000000001e-05,100
1,13,"c_{\rm g}",1.0000000000000001e-05,100
1,14,"k_{\rm f}",0.10000000000000001,100
1,15,"T_{\rm tr}",-3,3
1,16,"f_{\rm dd}",0.10000000000000001,10
